convert	KA.AN1.39.tiff	KA.AN1.39.jpg
convert	KA.AN2.40.tiff	KA.AN2.40.jpg
convert	KA.AN3.41.tiff	KA.AN3.41.jpg
convert	KA.DI1.42.tiff	KA.DI1.42.jpg
convert	KA.DI2.43.tiff	KA.DI2.43.jpg
convert	KA.DI3.44.tiff	KA.DI3.44.jpg
convert	KA.FE1.45.tiff	KA.FE1.45.jpg
convert	KA.FE2.46.tiff	KA.FE2.46.jpg
convert	KA.FE3.47.tiff	KA.FE3.47.jpg
convert	KA.FE4.48.tiff	KA.FE4.48.jpg
convert	KA.HA1.29.tiff	KA.HA1.29.jpg
convert	KA.HA2.30.tiff	KA.HA2.30.jpg
convert	KA.HA3.31.tiff	KA.HA3.31.jpg
convert	KA.HA4.32.tiff	KA.HA4.32.jpg
convert	KA.NE1.26.tiff	KA.NE1.26.jpg
convert	KA.NE2.27.tiff	KA.NE2.27.jpg
convert	KA.NE3.28.tiff	KA.NE3.28.jpg
convert	KA.SA1.33.tiff	KA.SA1.33.jpg
convert	KA.SA2.34.tiff	KA.SA2.34.jpg
convert	KA.SA3.35.tiff	KA.SA3.35.jpg
convert	KA.SU1.36.tiff	KA.SU1.36.jpg
convert	KA.SU2.37.tiff	KA.SU2.37.jpg
convert	KA.SU3.38.tiff	KA.SU3.38.jpg
convert	KL.AN1.167.tiff	KL.AN1.167.jpg
convert	KL.AN2.168.tiff	KL.AN2.168.jpg
convert	KL.AN3.169.tiff	KL.AN3.169.jpg
convert	KL.DI1.170.tiff	KL.DI1.170.jpg
convert	KL.DI2.171.tiff	KL.DI2.171.jpg
convert	KL.DI3.172.tiff	KL.DI3.172.jpg
convert	KL.DI4.173.tiff	KL.DI4.173.jpg
convert	KL.FE1.174.tiff	KL.FE1.174.jpg
convert	KL.FE2.175.tiff	KL.FE2.175.jpg
convert	KL.FE3.176.tiff	KL.FE3.176.jpg
convert	KL.HA1.158.tiff	KL.HA1.158.jpg
convert	KL.HA2.159.tiff	KL.HA2.159.jpg
convert	KL.HA3.160.tiff	KL.HA3.160.jpg
convert	KL.NE1.155.tiff	KL.NE1.155.jpg
convert	KL.NE2.156.tiff	KL.NE2.156.jpg
convert	KL.NE3.157.tiff	KL.NE3.157.jpg
convert	KL.SA1.161.tiff	KL.SA1.161.jpg
convert	KL.SA2.162.tiff	KL.SA2.162.jpg
convert	KL.SA3.163.tiff	KL.SA3.163.jpg
convert	KL.SU1.164.tiff	KL.SU1.164.jpg
convert	KL.SU2.165.tiff	KL.SU2.165.jpg
convert	KL.SU3.166.tiff	KL.SU3.166.jpg
convert	KM.AN1.17.tiff	KM.AN1.17.jpg
convert	KM.AN2.18.tiff	KM.AN2.18.jpg
convert	KM.AN3.19.tiff	KM.AN3.19.jpg
convert	KM.DI1.20.tiff	KM.DI1.20.jpg
convert	KM.DI3.22.tiff	KM.DI3.22.jpg
convert	KM.FE1.23.tiff	KM.FE1.23.jpg
convert	KM.FE2.24.tiff	KM.FE2.24.jpg
convert	KM.FE3.25.tiff	KM.FE3.25.jpg
convert	KM.HA1.4.tiff	KM.HA1.4.jpg
convert	KM.HA2.5.tiff	KM.HA2.5.jpg
convert	KM.HA3.6.tiff	KM.HA3.6.jpg
convert	KM.HA4.7.tiff	KM.HA4.7.jpg
convert	KM.NE1.1.tiff	KM.NE1.1.jpg
convert	KM.NE2.2.tiff	KM.NE2.2.jpg
convert	KM.NE3.3.tiff	KM.NE3.3.jpg
convert	KM.SA1.9.tiff	KM.SA1.9.jpg
convert	KM.SA2.10.tiff	KM.SA2.10.jpg
convert	KM.SA3.11.tiff	KM.SA3.11.jpg
convert	KM.SA5.13.tiff	KM.SA5.13.jpg
convert	KM.SU1.14.tiff	KM.SU1.14.jpg
convert	KM.SU2.15.tiff	KM.SU2.15.jpg
convert	KM.SU3.16.tiff	KM.SU3.16.jpg
convert	KR.AN1.83.tiff	KR.AN1.83.jpg
convert	KR.AN2.84.tiff	KR.AN2.84.jpg
convert	KR.AN3.85.tiff	KR.AN3.85.jpg
convert	KR.DI1.86.tiff	KR.DI1.86.jpg
convert	KR.DI2.87.tiff	KR.DI2.87.jpg
convert	KR.DI3.88.tiff	KR.DI3.88.jpg
convert	KR.FE1.89.tiff	KR.FE1.89.jpg
convert	KR.FE2.90.tiff	KR.FE2.90.jpg
convert	KR.FE3.91.tiff	KR.FE3.91.jpg
convert	KR.HA1.74.tiff	KR.HA1.74.jpg
convert	KR.HA2.75.tiff	KR.HA2.75.jpg
convert	KR.NE1.71.tiff	KR.NE1.71.jpg
convert	KR.NE2.72.tiff	KR.NE2.72.jpg
convert	KR.NE3.73.tiff	KR.NE3.73.jpg
convert	KR.SA1.77.tiff	KR.SA1.77.jpg
convert	KR.SA2.78.tiff	KR.SA2.78.jpg
convert	KR.SA3.79.tiff	KR.SA3.79.jpg
convert	KR.SU1.80.tiff	KR.SU1.80.jpg
convert	KR.SU2.81.tiff	KR.SU2.81.jpg
convert	KR.SU3.82.tiff	KR.SU3.82.jpg
convert	MK.AN1.125.tiff	MK.AN1.125.jpg
convert	MK.AN2.126.tiff	MK.AN2.126.jpg
convert	MK.AN3.127.tiff	MK.AN3.127.jpg
convert	MK.DI1.128.tiff	MK.DI1.128.jpg
convert	MK.DI2.129.tiff	MK.DI2.129.jpg
convert	MK.DI3.130.tiff	MK.DI3.130.jpg
convert	MK.FE1.131.tiff	MK.FE1.131.jpg
convert	MK.FE2.132.tiff	MK.FE2.132.jpg
convert	MK.FE3.133.tiff	MK.FE3.133.jpg
convert	MK.HA1.116.tiff	MK.HA1.116.jpg
convert	MK.HA2.117.tiff	MK.HA2.117.jpg
convert	MK.HA3.118.tiff	MK.HA3.118.jpg
convert	MK.NE1.113.tiff	MK.NE1.113.jpg
convert	MK.NE2.114.tiff	MK.NE2.114.jpg
convert	MK.NE3.115.tiff	MK.NE3.115.jpg
convert	MK.SA1.119.tiff	MK.SA1.119.jpg
convert	MK.SA2.120.tiff	MK.SA2.120.jpg
convert	MK.SA3.121.tiff	MK.SA3.121.jpg
convert	MK.SU1.122.tiff	MK.SU1.122.jpg
convert	MK.SU2.123.tiff	MK.SU2.123.jpg
convert	MK.SU3.124.tiff	MK.SU3.124.jpg
convert	NA.AN1.211.tiff	NA.AN1.211.jpg
convert	NA.AN2.212.tiff	NA.AN2.212.jpg
convert	NA.AN3.213.tiff	NA.AN3.213.jpg
convert	NA.DI1.214.tiff	NA.DI1.214.jpg
convert	NA.DI2.215.tiff	NA.DI2.215.jpg
convert	NA.DI3.216.tiff	NA.DI3.216.jpg
convert	NA.FE1.217.tiff	NA.FE1.217.jpg
convert	NA.FE2.218.tiff	NA.FE2.218.jpg
convert	NA.FE3.219.tiff	NA.FE3.219.jpg
convert	NA.HA1.202.tiff	NA.HA1.202.jpg
convert	NA.HA2.203.tiff	NA.HA2.203.jpg
convert	NA.HA3.204.tiff	NA.HA3.204.jpg
convert	NA.NE1.199.tiff	NA.NE1.199.jpg
convert	NA.NE2.200.tiff	NA.NE2.200.jpg
convert	NA.NE3.201.tiff	NA.NE3.201.jpg
convert	NA.SA1.205.tiff	NA.SA1.205.jpg
convert	NA.SA2.206.tiff	NA.SA2.206.jpg
convert	NA.SA3.207.tiff	NA.SA3.207.jpg
convert	NA.SU1.208.tiff	NA.SU1.208.jpg
convert	NA.SU2.209.tiff	NA.SU2.209.jpg
convert	NA.SU3.210.tiff	NA.SU3.210.jpg
convert	NM.AN1.104.tiff	NM.AN1.104.jpg
convert	NM.AN2.105.tiff	NM.AN2.105.jpg
convert	NM.AN3.106.tiff	NM.AN3.106.jpg
convert	NM.DI1.107.tiff	NM.DI1.107.jpg
convert	NM.DI3.109.tiff	NM.DI3.109.jpg
convert	NM.FE1.110.tiff	NM.FE1.110.jpg
convert	NM.FE2.111.tiff	NM.FE2.111.jpg
convert	NM.FE3.112.tiff	NM.FE3.112.jpg
convert	NM.HA1.95.tiff	NM.HA1.95.jpg
convert	NM.HA2.96.tiff	NM.HA2.96.jpg
convert	NM.HA3.97.tiff	NM.HA3.97.jpg
convert	NM.NE1.92.tiff	NM.NE1.92.jpg
convert	NM.NE2.93.tiff	NM.NE2.93.jpg
convert	NM.NE3.94.tiff	NM.NE3.94.jpg
convert	NM.SA1.98.tiff	NM.SA1.98.jpg
convert	NM.SA2.99.tiff	NM.SA2.99.jpg
convert	NM.SA3.100.tiff	NM.SA3.100.jpg
convert	NM.SU1.101.tiff	NM.SU1.101.jpg
convert	NM.SU2.102.tiff	NM.SU2.102.jpg
convert	NM.SU3.103.tiff	NM.SU3.103.jpg
convert	TM.AN1.190.tiff	TM.AN1.190.jpg
convert	TM.AN2.191.tiff	TM.AN2.191.jpg
convert	TM.AN3.192.tiff	TM.AN3.192.jpg
convert	TM.DI1.193.tiff	TM.DI1.193.jpg
convert	TM.DI2.194.tiff	TM.DI2.194.jpg
convert	TM.DI3.195.tiff	TM.DI3.195.jpg
convert	TM.FE1.196.tiff	TM.FE1.196.jpg
convert	TM.FE2.197.tiff	TM.FE2.197.jpg
convert	TM.FE3.198.tiff	TM.FE3.198.jpg
convert	TM.HA1.180.tiff	TM.HA1.180.jpg
convert	TM.HA2.181.tiff	TM.HA2.181.jpg
convert	TM.HA3.182.tiff	TM.HA3.182.jpg
convert	TM.NE1.177.tiff	TM.NE1.177.jpg
convert	TM.NE2.178.tiff	TM.NE2.178.jpg
convert	TM.NE3.179.tiff	TM.NE3.179.jpg
convert	TM.SA1.184.tiff	TM.SA1.184.jpg
convert	TM.SA2.185.tiff	TM.SA2.185.jpg
convert	TM.SA3.186.tiff	TM.SA3.186.jpg
convert	TM.SU1.187.tiff	TM.SU1.187.jpg
convert	TM.SU2.188.tiff	TM.SU2.188.jpg
convert	TM.SU3.189.tiff	TM.SU3.189.jpg
convert	UY.AN1.146.tiff	UY.AN1.146.jpg
convert	UY.AN2.147.tiff	UY.AN2.147.jpg
convert	UY.AN3.148.tiff	UY.AN3.148.jpg
convert	UY.DI1.149.tiff	UY.DI1.149.jpg
convert	UY.DI2.150.tiff	UY.DI2.150.jpg
convert	UY.DI3.151.tiff	UY.DI3.151.jpg
convert	UY.FE1.152.tiff	UY.FE1.152.jpg
convert	UY.FE2.153.tiff	UY.FE2.153.jpg
convert	UY.FE3.154.tiff	UY.FE3.154.jpg
convert	UY.HA1.137.tiff	UY.HA1.137.jpg
convert	UY.HA2.138.tiff	UY.HA2.138.jpg
convert	UY.HA3.139.tiff	UY.HA3.139.jpg
convert	UY.NE1.134.tiff	UY.NE1.134.jpg
convert	UY.NE2.135.tiff	UY.NE2.135.jpg
convert	UY.NE3.136.tiff	UY.NE3.136.jpg
convert	UY.SA1.140.tiff	UY.SA1.140.jpg
convert	UY.SA2.141.tiff	UY.SA2.141.jpg
convert	UY.SA3.142.tiff	UY.SA3.142.jpg
convert	UY.SU1.143.tiff	UY.SU1.143.jpg
convert	UY.SU2.144.tiff	UY.SU2.144.jpg
convert	UY.SU3.145.tiff	UY.SU3.145.jpg
convert	YM.AN1.61.tiff	YM.AN1.61.jpg
convert	YM.AN2.62.tiff	YM.AN2.62.jpg
convert	YM.AN3.63.tiff	YM.AN3.63.jpg
convert	YM.DI1.64.tiff	YM.DI1.64.jpg
convert	YM.DI2.65.tiff	YM.DI2.65.jpg
convert	YM.DI3.66.tiff	YM.DI3.66.jpg
convert	YM.FE1.67.tiff	YM.FE1.67.jpg
convert	YM.FE2.68.tiff	YM.FE2.68.jpg
convert	YM.FE3.69.tiff	YM.FE3.69.jpg
convert	YM.FE4.70.tiff	YM.FE4.70.jpg
convert	YM.HA1.52.tiff	YM.HA1.52.jpg
convert	YM.HA2.53.tiff	YM.HA2.53.jpg
convert	YM.HA3.54.tiff	YM.HA3.54.jpg
convert	YM.NE1.49.tiff	YM.NE1.49.jpg
convert	YM.NE2.50.tiff	YM.NE2.50.jpg
convert	YM.NE3.51.tiff	YM.NE3.51.jpg
convert	YM.SA1.55.tiff	YM.SA1.55.jpg
convert	YM.SA2.56.tiff	YM.SA2.56.jpg
convert	YM.SA3.57.tiff	YM.SA3.57.jpg
convert	YM.SU1.58.tiff	YM.SU1.58.jpg
convert	YM.SU2.59.tiff	YM.SU2.59.jpg
convert	YM.SU3.60.tiff	YM.SU3.60.jpg
